,predicted,test
0,"[[0.00412924]
 [0.00413692]
 [0.00412224]
 [0.00412389]
 [0.00412593]
 [0.00419573]
 [0.00411925]
 [0.00419754]
 [0.00414102]
 [0.00430033]
 [0.00415029]
 [0.00418929]
 [0.0041918 ]
 [0.00429364]
 [0.00417463]
 [0.00418521]
 [0.00417317]
 [0.0041772 ]
 [0.00424843]
 [0.00426316]
 [0.00427776]
 [0.0042788 ]
 [0.00433204]
 [0.00424726]
 [0.00425769]
 [0.00426181]
 [0.00428388]
 [0.00426232]
 [0.00424684]
 [0.00425601]
 [0.00426839]
 [0.00427063]
 [0.00431968]
 [0.00415734]
 [0.0041506 ]
 [0.0042641 ]
 [0.00429266]
 [0.00415091]
 [0.00422078]
 [0.00415379]
 [0.00415455]
 [0.00419663]
 [0.00422503]
 [0.0042161 ]
 [0.00427763]
 [0.00430039]
 [0.00429009]
 [0.00436036]
 [0.00416833]
 [0.00417111]
 [0.00418245]
 [0.00418621]
 [0.00418767]
 [0.00420749]
 [0.00419152]
 [0.00443455]
 [0.00442384]
 [0.00454287]
 [0.00467273]
 [0.00467705]
 [0.00470942]
 [0.00471063]
 [0.00473329]
 [0.00476736]
 [0.00486008]
 [0.00488825]
 [0.00500268]
 [0.0048637 ]
 [0.0049679 ]
 [0.00506469]
 [0.00505883]
 [0.00505007]
 [0.00493535]
 [0.00496047]
 [0.00491129]
 [0.0049011 ]
 [0.0048051 ]
 [0.00501485]
 [0.00495036]
 [0.00478624]
 [0.00499285]
 [0.00488733]
 [0.0049361 ]
 [0.00499839]
 [0.00501298]
 [0.00500906]
 [0.0046499 ]
 [0.00479819]
 [0.00442055]
 [0.00449893]
 [0.00438393]
 [0.00446214]
 [0.00446616]
 [0.00446177]
 [0.00425764]
 [0.00424493]
 [0.00425181]
 [0.004257  ]
 [0.00424208]
 [0.00421394]
 [0.00427198]
 [0.00420073]
 [0.00420247]
 [0.00419987]
 [0.00421391]
 [0.00420528]
 [0.00420286]
 [0.00419921]
 [0.00419991]
 [0.00420943]
 [0.00430809]
 [0.00431214]
 [0.0046403 ]
 [0.0046708 ]
 [0.00451866]
 [0.00472228]
 [0.00521669]]","[[0.00348726]
 [0.00343729]
 [0.00349984]
 [0.00354794]
 [0.00358374]
 [0.00352324]
 [0.00376976]
 [0.00378106]
 [0.00381402]
 [0.00367505]
 [0.00361152]
 [0.00362722]
 [0.00363113]
 [0.0032269 ]
 [0.00323137]
 [0.00318022]
 [0.00306948]
 [0.00399154]
 [0.00408135]
 [0.00416928]
 [0.00416928]
 [0.00416928]
 [0.00411568]
 [0.00411918]
 [0.00413722]
 [0.00404142]
 [0.00399588]
 [0.00408888]
 [0.00414297]
 [0.00414297]
 [0.00403448]
 [0.00402073]
 [0.00393736]
 [0.00387933]
 [0.00387873]
 [0.00388938]
 [0.00373884]
 [0.00394925]
 [0.00387227]
 [0.00387227]
 [0.00388617]
 [0.00427318]
 [0.00438231]
 [0.00480546]
 [0.00497864]
 [0.00497791]
 [0.00498872]
 [0.00429905]
 [0.00432454]
 [0.00434943]
 [0.00437643]
 [0.00438835]
 [0.00443556]
 [0.00443231]
 [0.0044029 ]
 [0.00428846]
 [0.00526585]
 [0.00570464]
 [0.00566786]
 [0.00581821]
 [0.00586636]
 [0.00590307]
 [0.00604582]
 [0.00641432]
 [0.00642866]
 [0.00642001]
 [0.00644339]
 [0.00651922]
 [0.00651094]
 [0.00651094]
 [0.0065111 ]
 [0.00628995]
 [0.00621213]
 [0.0058909 ]
 [0.00580213]
 [0.00579283]
 [0.00578352]
 [0.00577442]
 [0.00569202]
 [0.00560872]
 [0.00559009]
 [0.00558074]
 [0.00556432]
 [0.00557364]
 [0.00557364]
 [0.00557364]
 [0.00472207]
 [0.00420474]
 [0.00427336]
 [0.0041308 ]
 [0.00411662]
 [0.0041352 ]
 [0.00396278]
 [0.00325859]
 [0.00324236]
 [0.00331523]
 [0.00318052]
 [0.00255919]
 [0.00262568]
 [0.00269763]
 [0.00274066]
 [0.00267487]
 [0.0027626 ]
 [0.00285956]
 [0.00268789]
 [0.00279765]
 [0.00292205]
 [0.00306467]
 [0.00323045]
 [0.00342641]
 [0.00364714]
 [0.00393936]
 [0.00414976]
 [0.0045549 ]
 [0.00525955]
 [0.0064416 ]
 [0.00599398]]"
